q,frame_rel_mean,frame_rel_std,alert_ratio_mean,alert_ratio_std,n_frames,drop_ratio_mean,csv_path
0.0,0.9867669534175953,0.0011505896842953164,0.08455720003644691,0.041803932593346,282,0.0,/home/agx-orin-07/ws_livox/eval/drop_sweep/snapshot_q_0.00/frames.csv
0.05,0.9868065237153506,0.0010747433173569371,0.08894569020345083,0.037503663050646584,282,0.04898049741824887,/home/agx-orin-07/ws_livox/eval/drop_sweep/snapshot_q_0.05/frames.csv
0.1,0.9867769158478324,0.0011175098014944436,0.09403599204407148,0.036903062558742775,282,0.09982269506980762,/home/agx-orin-07/ws_livox/eval/drop_sweep/snapshot_q_0.10/frames.csv
0.15,0.9868949875763967,0.001043867650499577,0.09406088968473526,0.0344039757630759,282,0.14957151295128437,/home/agx-orin-07/ws_livox/eval/drop_sweep/snapshot_q_0.15/frames.csv
0.2,0.9871010290724891,0.0010664397016879356,0.09084238956688943,0.03475905044489474,280,0.2004613096160548,/home/agx-orin-07/ws_livox/eval/drop_sweep/snapshot_q_0.20/frames.csv
0.25,0.9873097959562396,0.000971340173519268,0.08863877464416836,0.030748850638314437,282,0.2514479900611208,/home/agx-orin-07/ws_livox/eval/drop_sweep/snapshot_q_0.25/frames.csv
