q,frame_rel_mean,frame_rel_std,alert_ratio_mean,alert_ratio_std,n_frames,drop_ratio_mean,csv_path
0.0,0.9867592551530043,0.0011595842035731624,0.16983122236171072,0.07130830009146344,281,0.0,/home/agx-orin-07/ws_livox/eval/drop_sweep/snapshot_q_0.00/frames.csv
0.05,0.9866942122578621,0.0011001802827341103,0.1791233366495889,0.06285694720713147,280,0.049047620009098694,/home/agx-orin-07/ws_livox/eval/drop_sweep/snapshot_q_0.05/frames.csv
0.1,0.9867322900465556,0.0010782348089684334,0.18005662948041293,0.057624385194505356,280,0.09988095242796197,/home/agx-orin-07/ws_livox/eval/drop_sweep/snapshot_q_0.10/frames.csv
0.15,0.9867599460153818,0.0010721518739920828,0.18327319833723665,0.052396760497258284,281,0.1495996440803877,/home/agx-orin-07/ws_livox/eval/drop_sweep/snapshot_q_0.15/frames.csv
0.2,0.9871010290724891,0.0010664397016879356,0.17014160977678686,0.05308904515992769,280,0.2004613096160548,/home/agx-orin-07/ws_livox/eval/drop_sweep/snapshot_q_0.20/frames.csv
0.25,0.9873097959562396,0.000971340173519268,0.16538122289863605,0.045258436407140064,282,0.2514479900611208,/home/agx-orin-07/ws_livox/eval/drop_sweep/snapshot_q_0.25/frames.csv
